Frame, Timestamp, Object, Section, State, Position_x, Position_y, Position_z, Rotation_x, Rotation_y, Rotation_z, Scale_x, Scale_y, Scale_z, RightHand_State, LeftHand_State
5271, 73.2929, baby_yoda, Juguetes, Select, 5.5230, 1.4199, 7.3018, 1.7010, 268.8333, 0.4997, 0.1060, 0.1060, 0.1060, Normal, Select
5274, 73.3343, baby_yoda, Juguetes, Select, 5.5302, 1.4206, 7.3021, 4.5289, 267.1028, 1.3752, 0.1060, 0.1060, 0.1060, Normal, Select
5277, 73.3761, baby_yoda, Juguetes, Select, 5.5340, 1.4214, 7.3019, 7.3594, 266.2061, 2.1834, 0.1060, 0.1060, 0.1060, Normal, Select
5280, 73.4168, baby_yoda, Juguetes, Select, 5.5344, 1.4236, 7.3006, 9.4749, 266.1341, 2.4400, 0.1060, 0.1060, 0.1060, Normal, Select
5283, 73.4586, baby_yoda, Juguetes, Select, 5.5326, 1.4260, 7.2994, 10.5067, 266.4963, 2.3978, 0.1060, 0.1060, 0.1060, Normal, Select
5286, 73.5004, baby_yoda, Juguetes, Select, 5.5305, 1.4278, 7.2985, 10.8060, 266.8934, 2.3086, 0.1060, 0.1060, 0.1060, Normal, Select
5289, 73.5420, baby_yoda, Juguetes, Select, 5.5274, 1.4282, 7.2979, 9.6665, 267.4937, 1.9880, 0.1060, 0.1060, 0.1060, Normal, Select
5292, 73.5833, baby_yoda, Juguetes, Select, 5.5260, 1.4289, 7.2979, 9.4521, 267.8423, 1.8178, 0.1060, 0.1060, 0.1060, Normal, Select
5295, 73.6253, baby_yoda, Juguetes, Select, 5.5243, 1.4292, 7.2974, 9.0332, 268.4124, 1.5659, 0.1060, 0.1060, 0.1060, Normal, Select
5298, 73.6665, baby_yoda, Juguetes, Select, 5.5224, 1.4311, 7.2960, 8.7791, 269.2210, 0.7666, 0.1060, 0.1060, 0.1060, Normal, Select
5301, 73.7076, baby_yoda, Juguetes, Select, 5.5208, 1.4310, 7.2953, 8.6341, 269.9961, 0.6057, 0.1060, 0.1060, 0.1060, Normal, Select
5304, 73.7494, baby_yoda, Juguetes, Select, 5.5210, 1.4313, 7.2952, 8.7546, 270.1477, 0.4159, 0.1060, 0.1060, 0.1060, Normal, Select
5307, 73.7908, baby_yoda, Juguetes, Select, 5.5215, 1.4327, 7.2946, 9.2426, 270.2415, 0.1186, 0.1060, 0.1060, 0.1060, Normal, Select
5310, 73.8330, baby_yoda, Juguetes, Select, 5.5223, 1.4336, 7.2944, 9.6669, 270.2189, 359.9881, 0.1060, 0.1060, 0.1060, Normal, Select
5313, 73.8751, baby_yoda, Juguetes, Select, 5.5236, 1.4345, 7.2950, 10.0861, 269.9616, 359.9042, 0.1060, 0.1060, 0.1060, Normal, Select
5316, 73.9176, baby_yoda, Juguetes, Select, 5.5236, 1.4359, 7.2954, 10.1666, 269.8903, 359.6226, 0.1060, 0.1060, 0.1060, Normal, Select
5319, 73.9583, baby_yoda, Juguetes, Select, 5.5230, 1.4363, 7.2959, 9.8777, 269.8467, 359.5715, 0.1060, 0.1060, 0.1060, Normal, Select
5322, 74.0002, baby_yoda, Juguetes, Select, 5.5222, 1.4366, 7.2962, 9.6380, 269.8677, 359.5274, 0.1060, 0.1060, 0.1060, Normal, Select
5325, 74.0417, baby_yoda, Juguetes, Select, 5.5220, 1.4367, 7.2965, 9.4538, 269.5772, 359.4959, 0.1060, 0.1060, 0.1060, Normal, Select
5328, 74.0841, baby_yoda, Juguetes, Select, 5.5216, 1.4368, 7.2964, 9.5125, 269.5160, 359.4892, 0.1060, 0.1060, 0.1060, Normal, Select
5331, 74.1254, baby_yoda, Juguetes, Select, 5.5203, 1.4371, 7.2960, 9.6137, 269.7928, 359.3827, 0.1060, 0.1060, 0.1060, Normal, Select
5334, 74.1660, baby_yoda, Juguetes, Select, 5.5175, 1.4378, 7.2953, 9.7406, 270.5735, 359.1383, 0.1060, 0.1060, 0.1060, Normal, Select
5337, 74.2077, baby_yoda, Juguetes, Select, 5.5150, 1.4384, 7.2946, 9.5865, 271.2026, 358.8372, 0.1060, 0.1060, 0.1060, Normal, Select
5340, 74.2491, baby_yoda, Juguetes, Select, 5.5126, 1.4392, 7.2942, 9.4364, 271.6282, 358.3687, 0.1060, 0.1060, 0.1060, Normal, Select
5343, 74.2913, baby_yoda, Juguetes, Select, 5.5115, 1.4400, 7.2942, 9.3806, 271.6608, 358.1195, 0.1060, 0.1060, 0.1060, Normal, Select
5346, 74.3329, baby_yoda, Juguetes, Select, 5.5116, 1.4397, 7.2945, 9.2784, 271.5206, 358.2389, 0.1060, 0.1060, 0.1060, Normal, Select
5349, 74.3753, baby_yoda, Juguetes, Select, 5.5107, 1.4396, 7.2948, 8.7137, 271.6075, 358.2135, 0.1060, 0.1060, 0.1060, Normal, Select
5352, 74.4203, baby_yoda, Juguetes, Select, 5.5101, 1.4393, 7.2955, 8.3159, 271.6472, 358.3492, 0.1060, 0.1060, 0.1060, Normal, Select
5355, 74.4599, baby_yoda, Juguetes, Select, 5.5096, 1.4397, 7.2972, 8.1528, 271.6626, 358.5493, 0.1060, 0.1060, 0.1060, Normal, Select
5358, 74.5020, baby_yoda, Juguetes, Select, 5.5104, 1.4409, 7.3002, 7.9036, 271.4927, 358.6361, 0.1060, 0.1060, 0.1060, Normal, Select
5361, 74.5424, baby_yoda, Juguetes, Select, 5.5120, 1.4429, 7.3037, 7.5843, 271.3563, 358.5460, 0.1060, 0.1060, 0.1060, Normal, Select
5364, 74.5840, baby_yoda, Juguetes, Select, 5.5154, 1.4468, 7.3073, 7.4858, 271.0188, 357.8513, 0.1060, 0.1060, 0.1060, Normal, Select
5367, 74.6249, baby_yoda, Juguetes, Select, 5.5192, 1.4520, 7.3140, 7.5362, 270.2379, 356.3318, 0.1060, 0.1060, 0.1060, Normal, Select
5370, 74.6665, baby_yoda, Juguetes, Select, 5.5234, 1.4584, 7.3195, 7.7189, 269.2782, 354.3471, 0.1060, 0.1060, 0.1060, Normal, Select
5373, 74.7078, baby_yoda, Juguetes, Select, 5.5296, 1.4667, 7.3265, 8.0187, 267.8685, 351.6747, 0.1060, 0.1060, 0.1060, Normal, Select
5376, 74.7488, baby_yoda, Juguetes, Select, 5.5352, 1.4738, 7.3314, 7.5157, 266.5111, 348.7601, 0.1060, 0.1060, 0.1060, Normal, Select
5379, 74.7910, baby_yoda, Juguetes, Select, 5.5319, 1.4771, 7.3331, 5.2278, 267.5232, 346.3912, 0.1060, 0.1060, 0.1060, Normal, Select
5382, 74.8334, baby_yoda, Juguetes, Select, 5.5240, 1.4792, 7.3339, 0.0959, 270.0870, 343.4481, 0.1060, 0.1060, 0.1060, Normal, Select
5385, 74.8754, baby_yoda, Juguetes, Select, 5.5054, 1.4828, 7.3304, 352.2357, 278.0053, 338.8069, 0.1060, 0.1060, 0.1060, Normal, Select
5388, 74.9166, baby_yoda, Juguetes, Select, 5.4854, 1.4878, 7.3300, 346.9762, 287.2188, 333.7787, 0.1060, 0.1060, 0.1060, Normal, Select
5391, 74.9580, baby_yoda, Juguetes, Select, 5.4578, 1.4999, 7.3341, 344.1821, 300.7890, 326.0508, 0.1060, 0.1060, 0.1060, Normal, Select
5394, 75.0005, baby_yoda, Juguetes, Select, 5.4391, 1.5086, 7.3395, 343.2132, 312.6347, 318.6879, 0.1060, 0.1060, 0.1060, Normal, Select
5397, 75.0417, baby_yoda, Juguetes, Select, 5.4313, 1.5144, 7.3434, 342.1906, 321.5171, 311.2611, 0.1060, 0.1060, 0.1060, Normal, Select
5400, 75.0837, baby_yoda, Juguetes, Select, 5.4275, 1.5200, 7.3445, 342.0255, 327.8115, 304.7799, 0.1060, 0.1060, 0.1060, Normal, Select
5403, 75.1254, baby_yoda, Juguetes, Select, 5.4234, 1.5243, 7.3438, 341.5852, 331.8014, 300.8775, 0.1060, 0.1060, 0.1060, Normal, Select
5406, 75.1667, baby_yoda, Juguetes, Select, 5.4181, 1.5262, 7.3445, 340.0370, 335.2698, 298.8468, 0.1060, 0.1060, 0.1060, Normal, Select
5409, 75.2074, baby_yoda, Juguetes, Select, 5.4126, 1.5249, 7.3446, 337.7213, 337.9356, 298.2938, 0.1060, 0.1060, 0.1060, Normal, Select
5412, 75.2493, baby_yoda, Juguetes, Select, 5.4077, 1.5236, 7.3445, 336.0687, 339.1407, 298.5854, 0.1060, 0.1060, 0.1060, Normal, Select
5415, 75.2908, baby_yoda, Juguetes, Select, 5.4045, 1.5229, 7.3441, 335.5090, 338.7977, 299.3687, 0.1060, 0.1060, 0.1060, Normal, Select
5418, 75.3337, baby_yoda, Juguetes, Select, 5.4050, 1.5225, 7.3431, 336.0389, 336.8721, 300.4514, 0.1060, 0.1060, 0.1060, Normal, Select
5421, 75.3754, baby_yoda, Juguetes, Select, 5.4047, 1.5237, 7.3436, 336.5624, 336.2083, 300.5107, 0.1060, 0.1060, 0.1060, Normal, Select
5424, 75.4171, baby_yoda, Juguetes, Select, 5.4043, 1.5254, 7.3447, 337.0207, 336.1840, 300.1170, 0.1060, 0.1060, 0.1060, Normal, Select
5427, 75.4586, baby_yoda, Juguetes, Select, 5.4035, 1.5267, 7.3459, 337.4066, 336.4885, 299.6882, 0.1060, 0.1060, 0.1060, Normal, Select
5430, 75.5008, baby_yoda, Juguetes, Select, 5.4019, 1.5262, 7.3468, 337.5008, 336.9940, 299.5975, 0.1060, 0.1060, 0.1060, Normal, Select
5433, 75.5429, baby_yoda, Juguetes, Select, 5.4003, 1.5253, 7.3476, 337.5809, 337.4948, 299.5103, 0.1060, 0.1060, 0.1060, Normal, Select
5436, 75.5835, baby_yoda, Juguetes, Select, 5.3999, 1.5241, 7.3479, 337.7486, 337.6659, 299.5324, 0.1060, 0.1060, 0.1060, Normal, Select
5439, 75.6261, baby_yoda, Juguetes, Select, 5.3999, 1.5235, 7.3484, 338.0593, 337.6240, 299.5041, 0.1060, 0.1060, 0.1060, Normal, Select
5442, 75.6666, baby_yoda, Juguetes, Select, 5.4009, 1.5240, 7.3483, 338.4511, 336.9879, 299.4622, 0.1060, 0.1060, 0.1060, Normal, Select
5445, 75.7085, baby_yoda, Juguetes, Select, 5.4044, 1.5256, 7.3479, 339.1972, 335.3750, 299.1974, 0.1060, 0.1060, 0.1060, Normal, Select
5448, 75.7497, baby_yoda, Juguetes, Select, 5.4109, 1.5292, 7.3478, 340.6712, 332.6232, 298.4252, 0.1060, 0.1060, 0.1060, Normal, Select
5451, 75.7914, baby_yoda, Juguetes, Select, 5.4191, 1.5342, 7.3486, 342.4299, 329.7198, 296.8169, 0.1060, 0.1060, 0.1060, Normal, Select
5454, 75.8335, baby_yoda, Juguetes, Select, 5.4225, 1.5400, 7.3516, 344.9892, 327.9942, 294.9764, 0.1060, 0.1060, 0.1060, Normal, Select
5457, 75.8753, baby_yoda, Juguetes, Select, 5.4272, 1.5445, 7.3535, 346.1352, 326.7800, 292.5718, 0.1060, 0.1060, 0.1060, Normal, Select
5460, 75.9173, baby_yoda, Juguetes, Select, 5.4356, 1.5461, 7.3514, 345.1402, 325.5797, 289.8576, 0.1060, 0.1060, 0.1060, Normal, Select
5463, 75.9596, baby_yoda, Juguetes, Select, 5.4414, 1.5426, 7.3449, 341.8893, 325.2155, 288.4753, 0.1060, 0.1060, 0.1060, Normal, Select
5466, 76.0007, baby_yoda, Juguetes, Select, 5.4449, 1.5421, 7.3423, 340.6957, 324.5521, 287.2953, 0.1060, 0.1060, 0.1060, Normal, Select
5469, 76.0425, baby_yoda, Juguetes, Select, 5.4416, 1.5408, 7.3394, 339.7992, 325.0813, 287.6578, 0.1060, 0.1060, 0.1060, Normal, Select
5472, 76.0836, baby_yoda, Juguetes, Select, 5.4391, 1.5403, 7.3373, 339.3557, 325.2825, 287.8953, 0.1060, 0.1060, 0.1060, Normal, Select
5475, 76.1262, baby_yoda, Juguetes, Select, 5.4385, 1.5394, 7.3357, 338.7023, 325.3115, 287.8721, 0.1060, 0.1060, 0.1060, Normal, Select
5478, 76.1671, baby_yoda, Juguetes, Select, 5.4392, 1.5406, 7.3359, 338.3211, 325.5753, 287.0476, 0.1060, 0.1060, 0.1060, Normal, Select
5481, 76.2085, baby_yoda, Juguetes, Select, 5.4412, 1.5450, 7.3390, 338.7919, 326.4875, 284.9208, 0.1060, 0.1060, 0.1060, Normal, Select
5484, 76.2499, baby_yoda, Juguetes, Select, 5.4427, 1.5512, 7.3445, 340.1944, 327.8918, 282.1285, 0.1060, 0.1060, 0.1060, Normal, Select
5487, 76.2918, baby_yoda, Juguetes, Select, 5.4434, 1.5594, 7.3534, 342.8216, 329.6411, 278.5305, 0.1060, 0.1060, 0.1060, Normal, Select
5490, 76.3339, baby_yoda, Juguetes, Select, 5.4443, 1.5644, 7.3598, 344.6711, 330.5748, 275.7174, 0.1060, 0.1060, 0.1060, Normal, Select
5493, 76.3757, baby_yoda, Juguetes, Select, 5.4478, 1.5664, 7.3631, 345.5230, 330.5073, 273.5793, 0.1060, 0.1060, 0.1060, Normal, Select
5496, 76.4179, baby_yoda, Juguetes, Select, 5.4539, 1.5682, 7.3666, 346.2375, 330.1354, 271.2263, 0.1060, 0.1060, 0.1060, Normal, Select
5499, 76.4594, baby_yoda, Juguetes, Select, 5.4593, 1.5704, 7.3715, 347.2788, 330.4818, 268.7095, 0.1060, 0.1060, 0.1060, Normal, Select
5502, 76.5008, baby_yoda, Juguetes, Select, 5.4638, 1.5712, 7.3758, 348.3267, 331.1901, 266.5338, 0.1060, 0.1060, 0.1060, Normal, Select
5505, 76.5439, baby_yoda, Juguetes, Select, 5.4691, 1.5693, 7.3788, 348.6362, 331.6619, 264.5022, 0.1060, 0.1060, 0.1060, Normal, Select
5508, 76.5844, baby_yoda, Juguetes, Select, 5.4782, 1.5672, 7.3848, 349.3681, 332.7440, 260.8927, 0.1060, 0.1060, 0.1060, Normal, Select
5511, 76.6261, baby_yoda, Juguetes, Select, 5.4923, 1.5649, 7.3934, 350.7137, 334.0265, 255.8231, 0.1060, 0.1060, 0.1060, Normal, Select
5514, 76.6663, baby_yoda, Juguetes, Select, 5.5040, 1.5642, 7.4038, 353.2387, 335.3999, 250.6444, 0.1060, 0.1060, 0.1060, Normal, Select
5517, 76.7085, baby_yoda, Juguetes, Select, 5.5125, 1.5642, 7.4143, 356.4863, 336.6125, 245.8295, 0.1060, 0.1060, 0.1060, Normal, Select
5520, 76.7498, baby_yoda, Juguetes, Select, 5.5194, 1.5636, 7.4199, 358.9859, 337.8615, 242.0967, 0.1060, 0.1060, 0.1060, Normal, Select
5523, 76.7921, baby_yoda, Juguetes, Select, 5.5245, 1.5604, 7.4132, 358.8297, 340.3924, 239.4446, 0.1060, 0.1060, 0.1060, Normal, Select
5526, 76.8346, baby_yoda, Juguetes, Select, 5.5264, 1.5618, 7.4156, 0.4474, 341.5247, 237.6494, 0.1060, 0.1060, 0.1060, Normal, Select
5529, 76.8757, baby_yoda, Juguetes, Select, 5.5205, 1.5656, 7.4183, 2.6006, 342.6679, 238.0638, 0.1060, 0.1060, 0.1060, Normal, Select
5532, 76.9174, baby_yoda, Juguetes, Select, 5.5182, 1.5677, 7.4180, 3.3143, 343.1909, 238.6352, 0.1060, 0.1060, 0.1060, Normal, Select
5535, 76.9591, baby_yoda, Juguetes, Select, 5.5182, 1.5684, 7.4184, 3.8249, 343.3476, 238.7613, 0.1060, 0.1060, 0.1060, Normal, Select
5538, 77.0009, baby_yoda, Juguetes, Select, 5.5217, 1.5675, 7.4210, 3.9376, 341.7559, 237.7673, 0.1060, 0.1060, 0.1060, Normal, Select
5541, 77.0432, baby_yoda, Juguetes, Select, 5.5249, 1.5663, 7.4229, 4.1213, 341.2115, 236.5965, 0.1060, 0.1060, 0.1060, Normal, Select
5544, 77.0844, baby_yoda, Juguetes, Select, 5.5279, 1.5654, 7.4278, 4.9224, 339.9118, 235.2392, 0.1060, 0.1060, 0.1060, Normal, Select
5547, 77.1257, baby_yoda, Juguetes, Select, 5.5311, 1.5641, 7.4303, 5.0994, 339.1656, 233.9446, 0.1060, 0.1060, 0.1060, Normal, Select
5550, 77.1670, baby_yoda, Juguetes, Select, 5.5340, 1.5628, 7.4316, 4.9859, 338.6307, 232.8567, 0.1060, 0.1060, 0.1060, Normal, Select
5553, 77.2081, baby_yoda, Juguetes, Select, 5.5359, 1.5620, 7.4309, 4.4713, 338.6205, 232.2701, 0.1060, 0.1060, 0.1060, Normal, Select
5556, 77.2500, baby_yoda, Juguetes, Select, 5.5360, 1.5621, 7.4291, 3.8416, 338.9130, 232.1596, 0.1060, 0.1060, 0.1060, Normal, Select
5559, 77.2916, baby_yoda, Juguetes, Select, 5.5352, 1.5632, 7.4285, 3.6406, 339.3249, 232.1425, 0.1060, 0.1060, 0.1060, Normal, Select
5562, 77.3338, baby_yoda, Juguetes, Select, 5.5339, 1.5647, 7.4291, 3.8301, 339.6490, 232.1976, 0.1060, 0.1060, 0.1060, Normal, Select
5565, 77.3752, baby_yoda, Juguetes, Select, 5.5326, 1.5672, 7.4306, 4.1000, 339.5782, 232.3550, 0.1060, 0.1060, 0.1060, Normal, Select
5568, 77.4172, baby_yoda, Juguetes, Select, 5.5326, 1.5687, 7.4310, 3.9672, 339.2021, 232.2958, 0.1060, 0.1060, 0.1060, Normal, Select
5571, 77.4587, baby_yoda, Juguetes, Select, 5.5333, 1.5691, 7.4310, 3.5599, 338.5806, 232.1848, 0.1060, 0.1060, 0.1060, Normal, Select
5574, 77.5003, baby_yoda, Juguetes, Select, 5.5326, 1.5695, 7.4299, 3.0751, 338.1414, 232.6997, 0.1060, 0.1060, 0.1060, Normal, Select
5577, 77.5432, baby_yoda, Juguetes, Select, 5.5293, 1.5709, 7.4275, 2.5895, 337.9071, 234.2488, 0.1060, 0.1060, 0.1060, Normal, Select
5580, 77.5874, baby_yoda, Juguetes, Select, 5.5248, 1.5730, 7.4271, 2.5792, 336.9534, 236.4371, 0.1060, 0.1060, 0.1060, Normal, Select
5583, 77.6263, baby_yoda, Juguetes, Select, 5.5188, 1.5774, 7.4290, 2.7583, 335.1773, 239.7904, 0.1060, 0.1060, 0.1060, Normal, Select
5586, 77.6665, baby_yoda, Juguetes, Select, 5.5065, 1.5820, 7.4217, 0.2385, 330.3926, 246.6237, 0.1060, 0.1060, 0.1060, Normal, Select
5589, 77.7080, baby_yoda, Juguetes, Select, 5.4993, 1.5796, 7.4033, 355.1007, 324.0537, 253.9258, 0.1060, 0.1060, 0.1060, Normal, Select
5592.0000, 77.7502, baby_yoda, Juguetes, Disabled, 5.5009, 1.5662, 7.3948, 0.0000, 270.0002, 0.0000, 0.1060, 0.1060, 0.1060, Normal, Normal
11523, 160.1369, quemador, Decoracion, Select, -4.9799, 1.7830, 4.6070, 357.1301, 329.4380, 355.1552, 0.3139, 0.3139, 0.3139, Normal, Select
11526, 160.1784, quemador, Decoracion, Select, -4.9807, 1.7831, 4.6076, 357.0862, 329.5148, 355.1467, 0.3139, 0.3139, 0.3139, Normal, Select
11529, 160.2201, quemador, Decoracion, Select, -4.9803, 1.7835, 4.6085, 356.9358, 329.6880, 354.8153, 0.3139, 0.3139, 0.3139, Normal, Select
11532, 160.2632, quemador, Decoracion, Select, -4.9780, 1.7840, 4.6088, 356.6958, 329.7135, 354.2797, 0.3139, 0.3139, 0.3139, Normal, Select
11535, 160.3037, quemador, Decoracion, Select, -4.9764, 1.7839, 4.6084, 356.1725, 330.1416, 353.9374, 0.3139, 0.3139, 0.3139, Normal, Select
11538, 160.3450, quemador, Decoracion, Select, -4.9752, 1.7837, 4.6079, 355.5839, 330.6932, 353.6269, 0.3139, 0.3139, 0.3139, Normal, Select
11541, 160.3871, quemador, Decoracion, Select, -4.9727, 1.7843, 4.6079, 355.0120, 331.2536, 352.9128, 0.3139, 0.3139, 0.3139, Normal, Select
11544, 160.4280, quemador, Decoracion, Select, -4.9717, 1.7845, 4.6081, 354.4678, 332.3691, 352.3659, 0.3139, 0.3139, 0.3139, Normal, Select
11547, 160.4697, quemador, Decoracion, Select, -4.9717, 1.7843, 4.6080, 354.0106, 333.3573, 352.0394, 0.3139, 0.3139, 0.3139, Normal, Select
11550, 160.5113, quemador, Decoracion, Select, -4.9723, 1.7835, 4.6071, 353.6803, 333.8687, 352.0517, 0.3139, 0.3139, 0.3139, Normal, Select
11553, 160.5543, quemador, Decoracion, Select, -4.9721, 1.7830, 4.6065, 353.4630, 334.1057, 351.9085, 0.3139, 0.3139, 0.3139, Normal, Select
11556, 160.5954, quemador, Decoracion, Select, -4.9719, 1.7828, 4.6061, 353.4733, 333.8915, 351.9135, 0.3139, 0.3139, 0.3139, Normal, Select
11559, 160.6371, quemador, Decoracion, Select, -4.9715, 1.7825, 4.6053, 353.3125, 333.7917, 351.8813, 0.3139, 0.3139, 0.3139, Normal, Select
11562, 160.6788, quemador, Decoracion, Select, -4.9707, 1.7824, 4.6053, 353.0392, 334.0374, 351.6014, 0.3139, 0.3139, 0.3139, Normal, Select
11565, 160.7223, quemador, Decoracion, Select, -4.9688, 1.7833, 4.6065, 352.7913, 334.6398, 350.8220, 0.3139, 0.3139, 0.3139, Normal, Select
11568, 160.7619, quemador, Decoracion, Select, -4.9664, 1.7844, 4.6084, 352.5330, 335.4900, 349.7548, 0.3139, 0.3139, 0.3139, Normal, Select
11571, 160.8035, quemador, Decoracion, Select, -4.9650, 1.7845, 4.6089, 352.1298, 336.4810, 348.8833, 0.3139, 0.3139, 0.3139, Normal, Select
11574, 160.8456, quemador, Decoracion, Select, -4.9647, 1.7842, 4.6092, 351.8568, 337.6442, 348.0475, 0.3139, 0.3139, 0.3139, Normal, Select
11577, 160.8869, quemador, Decoracion, Select, -4.9660, 1.7840, 4.6113, 352.0544, 339.3329, 347.0821, 0.3139, 0.3139, 0.3139, Normal, Select
11580, 160.9283, quemador, Decoracion, Select, -4.9695, 1.7842, 4.6155, 352.6501, 341.6920, 346.0920, 0.3139, 0.3139, 0.3139, Normal, Select
11583, 160.9701, quemador, Decoracion, Select, -4.9750, 1.7836, 4.6191, 353.0545, 344.4714, 345.2426, 0.3139, 0.3139, 0.3139, Normal, Select
11586, 161.0122, quemador, Decoracion, Select, -4.9807, 1.7828, 4.6222, 353.3818, 346.5316, 344.6013, 0.3139, 0.3139, 0.3139, Normal, Select
11589, 161.0536, quemador, Decoracion, Select, -4.9849, 1.7825, 4.6245, 353.8073, 348.1049, 343.9865, 0.3139, 0.3139, 0.3139, Normal, Select
11592, 161.0963, quemador, Decoracion, Select, -4.9892, 1.7825, 4.6263, 354.5015, 349.3856, 343.4362, 0.3139, 0.3139, 0.3139, Normal, Select
11595, 161.1374, quemador, Decoracion, Select, -4.9935, 1.7823, 4.6294, 355.1895, 351.0398, 342.6566, 0.3139, 0.3139, 0.3139, Normal, Select
11598, 161.1793, quemador, Decoracion, Select, -4.9978, 1.7810, 4.6328, 355.5577, 353.0536, 341.5800, 0.3139, 0.3139, 0.3139, Normal, Select
11601, 161.2204, quemador, Decoracion, Select, -5.0021, 1.7787, 4.6376, 355.9878, 354.9689, 340.0379, 0.3139, 0.3139, 0.3139, Normal, Select
11604, 161.2622, quemador, Decoracion, Select, -5.0091, 1.7762, 4.6462, 357.1491, 356.4769, 338.6394, 0.3139, 0.3139, 0.3139, Normal, Select
11607, 161.3051, quemador, Decoracion, Select, -5.0187, 1.7741, 4.6558, 358.6903, 358.0205, 337.3092, 0.3139, 0.3139, 0.3139, Normal, Select
11610, 161.3451, quemador, Decoracion, Select, -5.0273, 1.7740, 4.6568, 358.8967, 356.8498, 337.6472, 0.3139, 0.3139, 0.3139, Normal, Select
11613, 161.3869, quemador, Decoracion, Select, -5.0340, 1.7754, 4.6679, 1.1577, 358.1559, 336.3849, 0.3139, 0.3139, 0.3139, Normal, Select
11616, 161.4286, quemador, Decoracion, Select, -5.0511, 1.7768, 4.6753, 2.5528, 359.0895, 336.5024, 0.3139, 0.3139, 0.3139, Normal, Select
11619, 161.4690, quemador, Decoracion, Select, -5.0681, 1.7780, 4.6806, 3.8088, 0.8067, 337.5587, 0.3139, 0.3139, 0.3139, Normal, Select
11622, 161.5108, quemador, Decoracion, Select, -5.0857, 1.7820, 4.6904, 6.0979, 4.2497, 338.3990, 0.3139, 0.3139, 0.3139, Normal, Select
11625, 161.5528, quemador, Decoracion, Select, -5.0953, 1.7855, 4.6981, 8.5883, 6.5647, 338.2800, 0.3139, 0.3139, 0.3139, Normal, Select
11628, 161.5948, quemador, Decoracion, Select, -5.1029, 1.7866, 4.7029, 9.7642, 8.1510, 337.6098, 0.3139, 0.3139, 0.3139, Normal, Select
11631, 161.6365, quemador, Decoracion, Select, -5.1099, 1.7866, 4.6958, 8.3051, 8.3285, 336.3576, 0.3139, 0.3139, 0.3139, Normal, Select
11634, 161.6791, quemador, Decoracion, Select, -5.1215, 1.7875, 4.6963, 8.0773, 9.4061, 336.1016, 0.3139, 0.3139, 0.3139, Normal, Select
11637, 161.7197, quemador, Decoracion, Select, -5.1360, 1.7882, 4.6987, 7.3241, 10.1877, 336.5034, 0.3139, 0.3139, 0.3139, Normal, Select
11640, 161.7620, quemador, Decoracion, Select, -5.1458, 1.7905, 4.7058, 8.1866, 11.4657, 336.3470, 0.3139, 0.3139, 0.3139, Normal, Select
11643, 161.8041, quemador, Decoracion, Select, -5.1549, 1.7931, 4.7149, 9.6102, 13.6318, 336.1858, 0.3139, 0.3139, 0.3139, Normal, Select
11646, 161.8448, quemador, Decoracion, Select, -5.1664, 1.7941, 4.7197, 9.6226, 16.5370, 336.5534, 0.3139, 0.3139, 0.3139, Normal, Select
11649, 161.8868, quemador, Decoracion, Select, -5.1783, 1.7944, 4.7189, 8.0203, 18.9221, 336.6918, 0.3139, 0.3139, 0.3139, Normal, Select
11652, 161.9280, quemador, Decoracion, Select, -5.1870, 1.7942, 4.7156, 6.1814, 20.0704, 336.3900, 0.3139, 0.3139, 0.3139, Normal, Select
11655, 161.9687, quemador, Decoracion, Select, -5.1927, 1.7943, 4.7153, 5.5325, 20.5216, 335.9671, 0.3139, 0.3139, 0.3139, Normal, Select
11658, 162.0107, quemador, Decoracion, Select, -5.1987, 1.7958, 4.7191, 6.0043, 21.2609, 335.2695, 0.3139, 0.3139, 0.3139, Normal, Select
11661, 162.0522, quemador, Decoracion, Select, -5.2080, 1.7967, 4.7242, 7.2129, 23.7280, 333.9849, 0.3139, 0.3139, 0.3139, Normal, Select
11663, 162.0822, quemador, Decoracion, Select, -5.2145, 1.7980, 4.7285, 8.1735, 26.0783, 333.0542, 0.3139, 0.3139, 0.3139, Normal, Select
11666, 162.1223, quemador, Decoracion, Select, -5.2282, 1.7999, 4.7339, 8.8888, 28.9054, 332.7276, 0.3139, 0.3139, 0.3139, Normal, Select
11669, 162.1639, quemador, Decoracion, Select, -5.2449, 1.8007, 4.7391, 8.7527, 30.6609, 334.0741, 0.3139, 0.3139, 0.3139, Normal, Select
11672, 162.2069, quemador, Decoracion, Select, -5.2590, 1.8007, 4.7431, 8.1708, 31.8307, 335.5461, 0.3139, 0.3139, 0.3139, Normal, Select
11675, 162.2473, quemador, Decoracion, Select, -5.2744, 1.8001, 4.7451, 7.1916, 33.0161, 336.8830, 0.3139, 0.3139, 0.3139, Normal, Select
11678, 162.2882, quemador, Decoracion, Select, -5.2892, 1.7996, 4.7454, 6.1696, 34.1806, 337.8447, 0.3139, 0.3139, 0.3139, Normal, Select
11680, 162.3215, quemador, Decoracion, Select, -5.2988, 1.7997, 4.7457, 5.6511, 34.9097, 338.1754, 0.3139, 0.3139, 0.3139, Normal, Select
11683, 162.3600, quemador, Decoracion, Select, -5.3064, 1.8018, 4.7574, 7.7474, 35.5623, 337.9857, 0.3139, 0.3139, 0.3139, Normal, Select
11686, 162.4010, quemador, Decoracion, Select, -5.3143, 1.8033, 4.7696, 9.4222, 34.7767, 338.0555, 0.3139, 0.3139, 0.3139, Normal, Select
11689, 162.4423, quemador, Decoracion, Select, -5.3210, 1.8014, 4.7788, 10.6370, 34.8841, 338.4621, 0.3139, 0.3139, 0.3139, Normal, Select
11692, 162.4838, quemador, Decoracion, Select, -5.3302, 1.8007, 4.7838, 10.8565, 36.0021, 338.8948, 0.3139, 0.3139, 0.3139, Normal, Select
11695, 162.5245, quemador, Decoracion, Select, -5.3380, 1.8014, 4.7846, 10.4791, 38.4864, 338.7734, 0.3139, 0.3139, 0.3139, Normal, Select
11698, 162.5664, quemador, Decoracion, Select, -5.3419, 1.8027, 4.7832, 10.0564, 41.0524, 338.1779, 0.3139, 0.3139, 0.3139, Normal, Select
11701, 162.6071, quemador, Decoracion, Select, -5.3439, 1.8051, 4.7803, 10.0576, 42.8476, 337.0572, 0.3139, 0.3139, 0.3139, Normal, Select
11704, 162.6489, quemador, Decoracion, Select, -5.3454, 1.8069, 4.7782, 10.4177, 43.8445, 336.5235, 0.3139, 0.3139, 0.3139, Normal, Select
11707, 162.6907, quemador, Decoracion, Select, -5.3467, 1.8059, 4.7807, 11.5675, 43.0640, 337.0097, 0.3139, 0.3139, 0.3139, Normal, Select
11710, 162.7333, quemador, Decoracion, Select, -5.3498, 1.8047, 4.7822, 12.1587, 42.7285, 337.2839, 0.3139, 0.3139, 0.3139, Normal, Select
11713, 162.7747, quemador, Decoracion, Select, -5.3587, 1.8022, 4.7864, 12.2472, 41.8418, 338.2509, 0.3139, 0.3139, 0.3139, Normal, Select
11716, 162.8169, quemador, Decoracion, Select, -5.3715, 1.7992, 4.7912, 11.8871, 41.8644, 339.6744, 0.3139, 0.3139, 0.3139, Normal, Select
11719, 162.8582, quemador, Decoracion, Select, -5.3782, 1.7974, 4.7922, 11.7097, 42.0140, 339.9504, 0.3139, 0.3139, 0.3139, Normal, Select
11722, 162.9005, quemador, Decoracion, Select, -5.3826, 1.7952, 4.7916, 11.1738, 42.7077, 339.8487, 0.3139, 0.3139, 0.3139, Normal, Select
11725, 162.9419, quemador, Decoracion, Select, -5.3838, 1.7946, 4.7878, 10.6091, 43.6582, 339.0333, 0.3139, 0.3139, 0.3139, Normal, Select
11728, 162.9830, quemador, Decoracion, Select, -5.3861, 1.7939, 4.7839, 10.2606, 44.4963, 338.4440, 0.3139, 0.3139, 0.3139, Normal, Select
11731, 163.0245, quemador, Decoracion, Select, -5.3937, 1.7924, 4.7819, 9.5334, 46.1820, 338.7915, 0.3139, 0.3139, 0.3139, Normal, Select
11734, 163.0663, quemador, Decoracion, Select, -5.4057, 1.7902, 4.7799, 8.2872, 48.0917, 339.4611, 0.3139, 0.3139, 0.3139, Normal, Select
11737, 163.1073, quemador, Decoracion, Select, -5.4202, 1.7871, 4.7837, 7.3547, 50.5191, 340.6898, 0.3139, 0.3139, 0.3139, Normal, Select
11740, 163.1494, quemador, Decoracion, Select, -5.4382, 1.7830, 4.7866, 5.8236, 53.0922, 341.6714, 0.3139, 0.3139, 0.3139, Normal, Select
11743, 163.1904, quemador, Decoracion, Select, -5.4596, 1.7757, 4.7854, 2.8212, 55.9061, 342.3487, 0.3139, 0.3139, 0.3139, Normal, Select
11746, 163.2322, quemador, Decoracion, Select, -5.4843, 1.7665, 4.7834, 359.2991, 57.3865, 343.3793, 0.3139, 0.3139, 0.3139, Normal, Select
11749.0000, 163.2751, quemador, Decoracion, Hover, -5.4927, 1.7629, 4.7807, 357.6602, 56.5645, 343.5687, 0.3139, 0.3139, 0.3139, Normal, Hover
12155, 168.9147, quemador, Decoracion, Select, -4.9819, 1.7826, 4.6071, 357.1100, 329.5570, 355.2232, 0.3139, 0.3139, 0.3139, Normal, Select
12158, 168.9574, quemador, Decoracion, Select, -4.9903, 1.7786, 4.6009, 356.4456, 331.5651, 356.2082, 0.3139, 0.3139, 0.3139, Normal, Select
12161, 168.9967, quemador, Decoracion, Select, -5.0008, 1.7761, 4.5961, 355.7275, 336.0048, 357.0289, 0.3139, 0.3139, 0.3139, Normal, Select
12164, 169.0392, quemador, Decoracion, Select, -5.0006, 1.7744, 4.5887, 353.9347, 340.4743, 356.1876, 0.3139, 0.3139, 0.3139, Normal, Select
12167, 169.0810, quemador, Decoracion, Select, -5.0052, 1.7705, 4.5780, 351.8646, 344.6402, 355.8788, 0.3139, 0.3139, 0.3139, Normal, Select
12170, 169.1228, quemador, Decoracion, Select, -5.0119, 1.7677, 4.5739, 350.7376, 348.4881, 355.2995, 0.3139, 0.3139, 0.3139, Normal, Select
12173, 169.1635, quemador, Decoracion, Select, -5.0121, 1.7672, 4.5740, 350.2133, 350.4803, 353.9129, 0.3139, 0.3139, 0.3139, Normal, Select
12176, 169.2057, quemador, Decoracion, Select, -5.0101, 1.7669, 4.5768, 350.2834, 351.7693, 352.7248, 0.3139, 0.3139, 0.3139, Normal, Select
12179, 169.2463, quemador, Decoracion, Select, -5.0103, 1.7678, 4.5835, 351.1270, 352.6337, 352.2299, 0.3139, 0.3139, 0.3139, Normal, Select
12181, 169.2771, quemador, Decoracion, Select, -5.0105, 1.7689, 4.5875, 351.6713, 353.1728, 352.0367, 0.3139, 0.3139, 0.3139, Normal, Select
12184, 169.3165, quemador, Decoracion, Select, -5.0112, 1.7711, 4.5948, 352.6194, 352.8457, 352.0099, 0.3139, 0.3139, 0.3139, Normal, Select
12187, 169.3583, quemador, Decoracion, Select, -5.0117, 1.7727, 4.5969, 352.6331, 351.1857, 352.4418, 0.3139, 0.3139, 0.3139, Normal, Select
12190, 169.4004, quemador, Decoracion, Select, -5.0116, 1.7749, 4.6012, 352.7772, 351.0146, 352.3323, 0.3139, 0.3139, 0.3139, Normal, Select
12193, 169.4414, quemador, Decoracion, Select, -5.0112, 1.7765, 4.6028, 352.7287, 350.6958, 352.4752, 0.3139, 0.3139, 0.3139, Normal, Select
12196, 169.4836, quemador, Decoracion, Select, -5.0094, 1.7784, 4.6048, 352.7503, 350.3469, 352.3768, 0.3139, 0.3139, 0.3139, Normal, Select
12199, 169.5261, quemador, Decoracion, Select, -5.0064, 1.7802, 4.6075, 352.7828, 349.8655, 352.2042, 0.3139, 0.3139, 0.3139, Normal, Select
12202, 169.5681, quemador, Decoracion, Select, -5.0054, 1.7804, 4.6093, 352.7142, 349.6085, 352.3496, 0.3139, 0.3139, 0.3139, Normal, Select
12205, 169.6070, quemador, Decoracion, Select, -5.0066, 1.7810, 4.6134, 353.1333, 349.1084, 352.8727, 0.3139, 0.3139, 0.3139, Normal, Select
12208, 169.6489, quemador, Decoracion, Select, -5.0122, 1.7816, 4.6199, 354.0878, 347.6438, 354.3323, 0.3139, 0.3139, 0.3139, Normal, Select
12211, 169.6911, quemador, Decoracion, Select, -5.0156, 1.7819, 4.6286, 355.4459, 342.4939, 356.2255, 0.3139, 0.3139, 0.3139, Normal, Select
12214, 169.7347, quemador, Decoracion, Select, -5.0156, 1.7818, 4.6359, 356.3511, 338.6299, 357.4675, 0.3139, 0.3139, 0.3139, Normal, Select
12217, 169.7746, quemador, Decoracion, Select, -5.0274, 1.7766, 4.6508, 359.6003, 331.0790, 0.6621, 0.3139, 0.3139, 0.3139, Normal, Select
12220.0000, 169.8166, quemador, Decoracion, Hover, -5.0274, 1.7766, 4.6508, 359.6003, 331.0790, 0.6621, 0.3139, 0.3139, 0.3139, Normal, Hover
12465, 173.2198, quemador, Decoracion, Select, -4.9884, 1.7838, 4.6073, 356.3808, 328.5588, 357.5183, 0.3139, 0.3139, 0.3139, Select, Normal
12468, 173.2624, quemador, Decoracion, Select, -4.9961, 1.7860, 4.6004, 355.3741, 327.5655, 1.3284, 0.3139, 0.3139, 0.3139, Select, Normal
12471, 173.3030, quemador, Decoracion, Select, -5.0004, 1.7852, 4.5956, 354.2016, 326.1600, 4.3335, 0.3139, 0.3139, 0.3139, Select, Normal
12474, 173.3447, quemador, Decoracion, Select, -4.9977, 1.7827, 4.5979, 354.3329, 326.2876, 3.2049, 0.3139, 0.3139, 0.3139, Select, Normal
12477, 173.3863, quemador, Decoracion, Select, -5.0018, 1.7819, 4.5895, 352.2709, 323.9317, 7.6599, 0.3139, 0.3139, 0.3139, Select, Normal
12480, 173.4282, quemador, Decoracion, Select, -5.0017, 1.7800, 4.5857, 351.1387, 322.7194, 9.4916, 0.3139, 0.3139, 0.3139, Select, Normal
12483, 173.4690, quemador, Decoracion, Select, -5.0020, 1.7781, 4.5811, 350.0763, 321.9398, 11.0630, 0.3139, 0.3139, 0.3139, Select, Normal
12486, 173.5105, quemador, Decoracion, Select, -5.0023, 1.7755, 4.5758, 348.8450, 321.0037, 12.7797, 0.3139, 0.3139, 0.3139, Select, Normal
12489, 173.5532, quemador, Decoracion, Select, -5.0048, 1.7746, 4.5731, 348.3729, 320.0575, 14.2498, 0.3139, 0.3139, 0.3139, Select, Normal
12492, 173.5951, quemador, Decoracion, Select, -5.0114, 1.7734, 4.5725, 348.2776, 319.1019, 15.2951, 0.3139, 0.3139, 0.3139, Select, Normal
12495, 173.6364, quemador, Decoracion, Select, -5.0243, 1.7732, 4.5741, 348.8878, 318.0438, 16.5336, 0.3139, 0.3139, 0.3139, Select, Normal
12498, 173.6789, quemador, Decoracion, Select, -5.0479, 1.7709, 4.5749, 349.5321, 317.2997, 18.2506, 0.3139, 0.3139, 0.3139, Select, Normal
12501, 173.7197, quemador, Decoracion, Select, -5.0684, 1.7691, 4.5783, 350.1161, 316.6011, 19.7325, 0.3139, 0.3139, 0.3139, Select, Normal
12504, 173.7614, quemador, Decoracion, Select, -5.0889, 1.7675, 4.5861, 350.6709, 317.3167, 19.5921, 0.3139, 0.3139, 0.3139, Select, Normal
12507, 173.8035, quemador, Decoracion, Select, -5.1066, 1.7690, 4.5933, 351.3177, 318.2820, 19.3110, 0.3139, 0.3139, 0.3139, Select, Normal
12510, 173.8454, quemador, Decoracion, Select, -5.1241, 1.7730, 4.5980, 352.0843, 320.7333, 18.8595, 0.3139, 0.3139, 0.3139, Select, Normal
12513, 173.8859, quemador, Decoracion, Select, -5.1396, 1.7748, 4.6017, 352.5077, 324.1339, 18.1351, 0.3139, 0.3139, 0.3139, Select, Normal
12516, 173.9279, quemador, Decoracion, Select, -5.1529, 1.7763, 4.6082, 353.0455, 327.3544, 16.9274, 0.3139, 0.3139, 0.3139, Select, Normal
12519, 173.9688, quemador, Decoracion, Select, -5.1633, 1.7781, 4.6116, 353.3716, 329.6870, 15.7790, 0.3139, 0.3139, 0.3139, Select, Normal
12522, 174.0102, quemador, Decoracion, Select, -5.1704, 1.7801, 4.6121, 353.5706, 329.8682, 15.1555, 0.3139, 0.3139, 0.3139, Select, Normal
12525, 174.0522, quemador, Decoracion, Select, -5.1777, 1.7816, 4.6144, 354.0410, 329.0413, 14.4826, 0.3139, 0.3139, 0.3139, Select, Normal
12528, 174.0949, quemador, Decoracion, Select, -5.1831, 1.7823, 4.6291, 355.0576, 328.3257, 12.6747, 0.3139, 0.3139, 0.3139, Select, Normal
12531, 174.1359, quemador, Decoracion, Select, -5.1896, 1.7840, 4.6437, 356.1575, 329.6132, 10.1346, 0.3139, 0.3139, 0.3139, Select, Normal
12534, 174.1778, quemador, Decoracion, Select, -5.1997, 1.7826, 4.6490, 355.9182, 332.3755, 8.4434, 0.3139, 0.3139, 0.3139, Select, Normal
12537, 174.2202, quemador, Decoracion, Select, -5.2079, 1.7810, 4.6601, 356.2430, 332.5552, 7.1015, 0.3139, 0.3139, 0.3139, Select, Normal
12540, 174.2614, quemador, Decoracion, Select, -5.2219, 1.7779, 4.6717, 356.2315, 331.3694, 6.8926, 0.3139, 0.3139, 0.3139, Select, Normal
12543, 174.3027, quemador, Decoracion, Select, -5.2391, 1.7762, 4.6796, 356.1779, 330.6502, 6.8997, 0.3139, 0.3139, 0.3139, Select, Normal
12546, 174.3438, quemador, Decoracion, Select, -5.2545, 1.7729, 4.6825, 355.7993, 331.1006, 6.0644, 0.3139, 0.3139, 0.3139, Select, Normal
12549, 174.3858, quemador, Decoracion, Select, -5.2723, 1.7707, 4.6957, 356.4861, 332.1541, 4.8967, 0.3139, 0.3139, 0.3139, Select, Normal
12552, 174.4271, quemador, Decoracion, Select, -5.2936, 1.7653, 4.7126, 357.5091, 334.0711, 3.4490, 0.3139, 0.3139, 0.3139, Select, Normal
12555, 174.4681, quemador, Decoracion, Select, -5.3093, 1.7672, 4.7307, 0.0686, 336.6312, 1.1869, 0.3139, 0.3139, 0.3139, Select, Normal
12558, 174.5101, quemador, Decoracion, Select, -5.3329, 1.7628, 4.7260, 359.0709, 340.6230, 1.4979, 0.3139, 0.3139, 0.3139, Select, Normal
12561, 174.5514, quemador, Decoracion, Select, -5.3510, 1.7658, 4.7289, 359.8405, 341.2844, 1.8594, 0.3139, 0.3139, 0.3139, Select, Normal
12564, 174.5931, quemador, Decoracion, Select, -5.3687, 1.7635, 4.7234, 358.5513, 340.8297, 3.7569, 0.3139, 0.3139, 0.3139, Select, Normal
12567, 174.6358, quemador, Decoracion, Select, -5.3948, 1.7623, 4.7241, 358.3419, 342.1329, 5.5294, 0.3139, 0.3139, 0.3139, Select, Normal
12570, 174.6775, quemador, Decoracion, Select, -5.4165, 1.7619, 4.7409, 359.7622, 345.6154, 4.6794, 0.3139, 0.3139, 0.3139, Select, Normal
12573, 174.7189, quemador, Decoracion, Select, -5.4295, 1.7580, 4.7523, 359.4781, 349.3545, 2.5370, 0.3139, 0.3139, 0.3139, Select, Normal
12576, 174.7608, quemador, Decoracion, Select, -5.4485, 1.7575, 4.7628, 359.6239, 352.5200, 1.8268, 0.3139, 0.3139, 0.3139, Select, Normal
12579, 174.8031, quemador, Decoracion, Select, -5.4675, 1.7525, 4.7663, 358.4791, 356.7258, 1.8287, 0.3139, 0.3139, 0.3139, Select, Normal
12582, 174.8442, quemador, Decoracion, Select, -5.4857, 1.7521, 4.7770, 358.7750, 0.3704, 1.7413, 0.3139, 0.3139, 0.3139, Select, Normal
12585, 174.8853, quemador, Decoracion, Select, -5.4905, 1.7516, 4.7951, 1.6680, 0.5472, 0.0695, 0.3139, 0.3139, 0.3139, Select, Normal
12588, 174.9270, quemador, Decoracion, Select, -5.4970, 1.7505, 4.8090, 3.3857, 1.9075, 358.7937, 0.3139, 0.3139, 0.3139, Select, Normal
12591, 174.9689, quemador, Decoracion, Select, -5.5179, 1.7461, 4.8312, 2.4933, 4.8153, 0.0811, 0.3139, 0.3139, 0.3139, Select, Normal
12594, 175.0097, quemador, Decoracion, Select, -5.5486, 1.7443, 4.8473, 2.2763, 9.8280, 1.6356, 0.3139, 0.3139, 0.3139, Select, Normal
12597, 175.0520, quemador, Decoracion, Select, -5.5745, 1.7396, 4.8627, 3.4272, 12.9425, 2.3612, 0.3139, 0.3139, 0.3139, Select, Normal
12600, 175.0948, quemador, Decoracion, Select, -5.5878, 1.7327, 4.8779, 4.3692, 13.6685, 2.1429, 0.3139, 0.3139, 0.3139, Select, Normal
12603, 175.1362, quemador, Decoracion, Select, -5.5941, 1.7203, 4.8913, 4.4103, 13.1166, 1.5730, 0.3139, 0.3139, 0.3139, Select, Normal
12606, 175.1772, quemador, Decoracion, Select, -5.6061, 1.7076, 4.8979, 3.0769, 14.3364, 1.5464, 0.3139, 0.3139, 0.3139, Select, Normal
12609, 175.2184, quemador, Decoracion, Select, -5.6126, 1.6893, 4.9017, 0.7380, 15.8962, 1.5601, 0.3139, 0.3139, 0.3139, Select, Normal
12612, 175.2606, quemador, Decoracion, Select, -5.6310, 1.6746, 4.9091, 359.5742, 19.9546, 2.8355, 0.3139, 0.3139, 0.3139, Select, Normal
12615, 175.3020, quemador, Decoracion, Select, -5.6429, 1.6547, 4.9108, 357.9507, 23.4771, 2.5526, 0.3139, 0.3139, 0.3139, Select, Normal
12618, 175.3457, quemador, Decoracion, Select, -5.6476, 1.6275, 4.9074, 355.3725, 26.4726, 1.0723, 0.3139, 0.3139, 0.3139, Select, Normal
12621, 175.3864, quemador, Decoracion, Select, -5.6462, 1.5925, 4.9063, 353.1693, 28.6950, 358.2686, 0.3139, 0.3139, 0.3139, Select, Normal
12624, 175.4279, quemador, Decoracion, Select, -5.6554, 1.5488, 4.9000, 348.7142, 31.5222, 357.1865, 0.3139, 0.3139, 0.3139, Select, Normal
12627.0000, 175.4688, quemador, Decoracion, Normal, -5.5874, 1.0145, 5.2547, 347.2162, 29.9721, 357.0838, 0.3525, 0.3326, 0.3477, Normal, Normal
18625, 258.7996, Mochila, Moda, Select, 6.3897, 1.9850, 1.7850, 270.7399, 129.4944, 229.3014, 0.3032, 0.7294, 0.6586, Select, Disabled
18628, 258.8404, Mochila, Moda, Select, 6.3919, 1.9800, 1.7874, 272.4233, 131.4846, 226.0980, 0.3032, 0.7294, 0.6586, Select, Disabled
18631, 258.8829, Mochila, Moda, Select, 6.3913, 1.9787, 1.7846, 273.8492, 157.0642, 200.5599, 0.3032, 0.7294, 0.6586, Select, Disabled
18634, 258.9233, Mochila, Moda, Select, 6.3955, 1.9757, 1.7879, 275.6707, 160.4821, 195.2592, 0.3032, 0.7294, 0.6586, Select, Disabled
18637, 258.9658, Mochila, Moda, Select, 6.4056, 1.9620, 1.7989, 281.4227, 163.0848, 188.2484, 0.3032, 0.7294, 0.6586, Select, Disabled
18640, 259.0070, Mochila, Moda, Select, 6.4123, 1.9451, 1.8102, 286.7938, 158.6375, 189.2734, 0.3032, 0.7294, 0.6586, Select, Disabled
18643, 259.0475, Mochila, Moda, Select, 6.4155, 1.9280, 1.8198, 291.4681, 153.3466, 192.2247, 0.3032, 0.7294, 0.6586, Select, Disabled
18646, 259.0893, Mochila, Moda, Select, 6.4101, 1.9081, 1.8189, 294.8116, 144.8621, 202.0930, 0.3032, 0.7294, 0.6586, Select, Disabled
18649, 259.1320, Mochila, Moda, Select, 6.4035, 1.8943, 1.8197, 297.4655, 139.6528, 208.1039, 0.3032, 0.7294, 0.6586, Select, Disabled
18652, 259.1731, Mochila, Moda, Select, 6.3956, 1.8910, 1.8137, 297.5271, 135.5659, 214.1280, 0.3032, 0.7294, 0.6586, Select, Disabled
18655, 259.2152, Mochila, Moda, Select, 6.3891, 1.8962, 1.8036, 295.6163, 131.7983, 220.1386, 0.3032, 0.7294, 0.6586, Select, Disabled
18658, 259.2567, Mochila, Moda, Select, 6.3847, 1.8983, 1.7973, 294.9984, 130.0878, 223.0423, 0.3032, 0.7294, 0.6586, Select, Disabled
18661, 259.2990, Mochila, Moda, Select, 6.3808, 1.9036, 1.7907, 293.4859, 130.0558, 223.8903, 0.3032, 0.7294, 0.6586, Select, Disabled
18664, 259.3401, Mochila, Moda, Select, 6.3763, 1.9052, 1.7871, 293.1032, 130.9704, 223.1679, 0.3032, 0.7294, 0.6586, Select, Disabled
18667, 259.3817, Mochila, Moda, Select, 6.3708, 1.9085, 1.7853, 292.9626, 134.9902, 218.5784, 0.3032, 0.7294, 0.6586, Select, Disabled
18670, 259.4238, Mochila, Moda, Select, 6.3645, 1.9128, 1.7818, 292.7489, 138.7146, 214.8741, 0.3032, 0.7294, 0.6586, Select, Disabled
18673, 259.4653, Mochila, Moda, Select, 6.3542, 1.9178, 1.7758, 292.4114, 144.1880, 210.3314, 0.3032, 0.7294, 0.6586, Select, Disabled
18676, 259.5069, Mochila, Moda, Select, 6.3423, 1.9249, 1.7684, 291.5500, 149.3308, 206.7467, 0.3032, 0.7294, 0.6586, Select, Disabled
18679, 259.5486, Mochila, Moda, Select, 6.3279, 1.9330, 1.7595, 290.6999, 154.3221, 203.4979, 0.3032, 0.7294, 0.6586, Select, Disabled
18682, 259.5898, Mochila, Moda, Select, 6.3137, 1.9374, 1.7518, 290.3398, 156.9525, 202.5622, 0.3032, 0.7294, 0.6586, Select, Disabled
18685, 259.6312, Mochila, Moda, Select, 6.2945, 1.9377, 1.7443, 289.6472, 156.3465, 205.4300, 0.3032, 0.7294, 0.6586, Select, Disabled
18688, 259.6732, Mochila, Moda, Select, 6.2786, 1.9400, 1.7367, 288.9223, 157.1052, 206.3579, 0.3032, 0.7294, 0.6586, Select, Disabled
18691, 259.7159, Mochila, Moda, Select, 6.2631, 1.9422, 1.7300, 289.1286, 158.1369, 206.1754, 0.3032, 0.7294, 0.6586, Select, Disabled
18694, 259.7571, Mochila, Moda, Select, 6.2481, 1.9431, 1.7226, 289.5368, 159.5410, 205.8573, 0.3032, 0.7294, 0.6586, Select, Disabled
18697, 259.7995, Mochila, Moda, Select, 6.2274, 1.9372, 1.7234, 290.0239, 159.3902, 206.7201, 0.3032, 0.7294, 0.6586, Select, Disabled
18700, 259.8410, Mochila, Moda, Select, 6.2056, 1.9285, 1.7223, 290.8826, 158.4856, 207.8646, 0.3032, 0.7294, 0.6586, Select, Disabled
18703, 259.8823, Mochila, Moda, Select, 6.1871, 1.9230, 1.7210, 291.3959, 158.7224, 207.8501, 0.3032, 0.7294, 0.6586, Select, Disabled
18706, 259.9227, Mochila, Moda, Select, 6.1706, 1.9252, 1.7124, 291.5242, 165.4956, 201.4290, 0.3032, 0.7294, 0.6586, Select, Disabled
18709, 259.9647, Mochila, Moda, Select, 6.1556, 1.9255, 1.7061, 291.7389, 170.5638, 196.9276, 0.3032, 0.7294, 0.6586, Select, Disabled
18712, 260.0064, Mochila, Moda, Select, 6.1386, 1.9258, 1.6956, 292.0334, 174.5474, 195.6102, 0.3032, 0.7294, 0.6586, Select, Disabled
18715, 260.0481, Mochila, Moda, Select, 6.1231, 1.9238, 1.6871, 292.0701, 175.5304, 196.5633, 0.3032, 0.7294, 0.6586, Select, Disabled
18718, 260.0894, Mochila, Moda, Select, 6.1066, 1.9129, 1.6855, 290.8781, 168.6844, 205.6129, 0.3032, 0.7294, 0.6586, Select, Disabled
18721, 260.1320, Mochila, Moda, Select, 6.0883, 1.9007, 1.6811, 290.6340, 163.9001, 212.8072, 0.3032, 0.7294, 0.6586, Select, Normal
18723, 260.1637, Mochila, Moda, Select, 6.0773, 1.8987, 1.6748, 290.6229, 165.4973, 212.1831, 0.3032, 0.7294, 0.6586, Select, Normal
18726, 260.2031, Mochila, Moda, Select, 6.0603, 1.8934, 1.6658, 291.3759, 168.5815, 210.6001, 0.3032, 0.7294, 0.6586, Select, Normal
18729, 260.2464, Mochila, Moda, Select, 6.0454, 1.8858, 1.6598, 292.5853, 170.3792, 210.5413, 0.3032, 0.7294, 0.6586, Select, Normal
18732, 260.2863, Mochila, Moda, Select, 6.0324, 1.8843, 1.6518, 293.2860, 172.6962, 210.3694, 0.3032, 0.7294, 0.6586, Select, Normal
18735, 260.3268, Mochila, Moda, Select, 6.0294, 1.8846, 1.6497, 293.3891, 173.2906, 210.3080, 0.3032, 0.7294, 0.6586, Select, Normal
18738, 260.3676, Mochila, Moda, Select, 6.0294, 1.8846, 1.6497, 293.3891, 173.2906, 210.3080, 0.3032, 0.7294, 0.6586, Select, Normal
18740, 260.3982, Mochila, Moda, Select, 6.0294, 1.8846, 1.6497, 293.3891, 173.2906, 210.3080, 0.3032, 0.7294, 0.6586, Select, Normal
18743, 260.4364, Mochila, Moda, Select, 6.0294, 1.8846, 1.6497, 293.3891, 173.2906, 210.3080, 0.3032, 0.7294, 0.6586, Select, Normal
18746, 260.4782, Mochila, Moda, Select, 6.0294, 1.8846, 1.6497, 293.3891, 173.2906, 210.3080, 0.3032, 0.7294, 0.6586, Select, Normal
18749, 260.5198, Mochila, Moda, Select, 6.0294, 1.8846, 1.6497, 293.3891, 173.2906, 210.3080, 0.3032, 0.7294, 0.6586, Select, Normal
18752, 260.5621, Mochila, Moda, Select, 6.0294, 1.8846, 1.6497, 293.3891, 173.2906, 210.3080, 0.3032, 0.7294, 0.6586, Select, Normal
18755, 260.6032, Mochila, Moda, Select, 6.0294, 1.8846, 1.6497, 293.3891, 173.2906, 210.3080, 0.3032, 0.7294, 0.6586, Select, Normal
18758, 260.6457, Mochila, Moda, Select, 6.0294, 1.8846, 1.6497, 293.3891, 173.2906, 210.3080, 0.3032, 0.7294, 0.6586, Select, Normal
18761, 260.6868, Mochila, Moda, Select, 6.0294, 1.8846, 1.6497, 293.3891, 173.2906, 210.3080, 0.3032, 0.7294, 0.6586, Select, Normal
18764, 260.7283, Mochila, Moda, Select, 6.0294, 1.8846, 1.6497, 293.3891, 173.2906, 210.3080, 0.3032, 0.7294, 0.6586, Select, Normal
18767, 260.7696, Mochila, Moda, Select, 5.9718, 1.4582, 1.7023, 332.0021, 153.5499, 215.6788, 0.3032, 0.7294, 0.6586, Select, Normal
18770, 260.8116, Mochila, Moda, Select, 5.9607, 1.4112, 1.7007, 330.6085, 154.6143, 220.3621, 0.3032, 0.7294, 0.6586, Select, Normal
18773, 260.8541, Mochila, Moda, Select, 5.8503, 1.0145, 1.5786, 329.6322, 158.0297, 227.8006, 0.3289, 0.7998, 0.7294, Select, Normal
18776.0000, 260.8948, Mochila, Moda, Normal, 5.8503, 1.0145, 1.5786, 329.6322, 158.0297, 227.8006, 0.3289, 0.7998, 0.7294, Normal, Normal
23168, 321.9801, balon, Juguetes, Select, 5.5116, 1.5247, 6.5959, 9.7830, 6.2049, 351.3607, 1.0000, 1.0000, 1.0000, Select, Disabled
23171, 322.0205, balon, Juguetes, Select, 5.3966, 1.4562, 6.5190, 79.1972, 331.1290, 248.8095, 1.0000, 1.0000, 1.0000, Select, Disabled
23174, 322.0617, balon, Juguetes, Select, 5.3440, 1.4699, 6.5037, 62.2993, 251.5509, 146.4608, 1.0000, 1.0000, 1.0000, Select, Disabled
23177, 322.1044, balon, Juguetes, Select, 5.3486, 1.4745, 6.5048, 62.8655, 247.3248, 141.6982, 1.0000, 1.0000, 1.0000, Select, Disabled
23180, 322.1454, balon, Juguetes, Select, 5.3609, 1.4789, 6.5062, 64.2633, 240.7874, 137.0564, 1.0000, 1.0000, 1.0000, Select, Disabled
23183, 322.1865, balon, Juguetes, Select, 5.3712, 1.4832, 6.5088, 65.0120, 235.5943, 134.5755, 1.0000, 1.0000, 1.0000, Select, Disabled
23186, 322.2282, balon, Juguetes, Select, 5.3816, 1.4860, 6.5132, 65.6692, 229.3246, 131.6440, 1.0000, 1.0000, 1.0000, Select, Disabled
23188, 322.2583, balon, Juguetes, Select, 5.3870, 1.4867, 6.5167, 65.7636, 226.9647, 131.3112, 1.0000, 1.0000, 1.0000, Select, Disabled
23191, 322.2986, balon, Juguetes, Select, 5.3938, 1.4874, 6.5221, 65.8818, 224.0579, 131.2619, 1.0000, 1.0000, 1.0000, Select, Normal
23194, 322.3429, balon, Juguetes, Select, 5.4025, 1.4865, 6.5292, 65.7059, 220.8053, 133.0986, 1.0000, 1.0000, 1.0000, Select, Normal
23197, 322.3820, balon, Juguetes, Select, 5.4045, 1.4843, 6.5340, 65.4208, 221.8590, 135.8347, 1.0000, 1.0000, 1.0000, Select, Normal
23200, 322.4234, balon, Juguetes, Select, 5.4042, 1.4811, 6.5389, 66.2159, 225.7283, 139.1110, 1.0000, 1.0000, 1.0000, Select, Normal
23203, 322.4645, balon, Juguetes, Select, 5.4043, 1.4781, 6.5427, 67.2997, 229.3408, 141.8658, 1.0000, 1.0000, 1.0000, Select, Normal
23206, 322.5059, balon, Juguetes, Select, 5.4062, 1.4747, 6.5436, 67.9629, 232.0327, 143.5667, 1.0000, 1.0000, 1.0000, Select, Normal
23209, 322.5470, balon, Juguetes, Select, 5.4116, 1.4739, 6.5444, 69.2436, 232.0835, 143.2123, 1.0000, 1.0000, 1.0000, Select, Normal
23212, 322.5889, balon, Juguetes, Select, 5.4155, 1.4762, 6.5428, 69.7973, 231.2273, 141.1057, 1.0000, 1.0000, 1.0000, Select, Normal
23215, 322.6306, balon, Juguetes, Select, 5.4191, 1.4815, 6.5426, 70.3336, 226.5847, 135.5872, 1.0000, 1.0000, 1.0000, Select, Normal
23218, 322.6731, balon, Juguetes, Select, 5.4215, 1.4868, 6.5443, 70.9117, 221.0001, 128.4561, 1.0000, 1.0000, 1.0000, Select, Normal
23221, 322.7161, balon, Juguetes, Select, 5.4246, 1.4924, 6.5487, 70.8224, 212.7119, 120.0597, 1.0000, 1.0000, 1.0000, Select, Normal
23224, 322.7571, balon, Juguetes, Select, 5.4275, 1.4934, 6.5523, 71.2676, 207.1790, 114.3111, 1.0000, 1.0000, 1.0000, Select, Normal
23227, 322.7981, balon, Juguetes, Select, 5.4327, 1.4935, 6.5533, 71.8145, 199.6770, 107.1951, 1.0000, 1.0000, 1.0000, Select, Normal
23230, 322.8410, balon, Juguetes, Select, 5.4351, 1.4934, 6.5555, 72.1276, 198.0650, 106.7166, 1.0000, 1.0000, 1.0000, Select, Normal
23233, 322.8814, balon, Juguetes, Select, 5.4301, 1.4920, 6.5559, 71.0489, 203.8697, 113.8485, 1.0000, 1.0000, 1.0000, Select, Normal
23236, 322.9240, balon, Juguetes, Select, 5.4266, 1.4950, 6.5558, 70.4612, 205.7189, 116.2416, 1.0000, 1.0000, 1.0000, Select, Normal
23239, 322.9648, balon, Juguetes, Select, 5.4271, 1.4988, 6.5558, 69.2166, 202.6831, 115.2162, 1.0000, 1.0000, 1.0000, Select, Normal
23242, 323.0074, balon, Juguetes, Select, 5.4262, 1.5024, 6.5535, 67.4873, 199.9731, 113.6839, 1.0000, 1.0000, 1.0000, Select, Normal
23245, 323.0477, balon, Juguetes, Select, 5.4234, 1.5051, 6.5501, 65.5094, 198.8662, 113.0158, 1.0000, 1.0000, 1.0000, Select, Normal
23248, 323.0909, balon, Juguetes, Select, 5.4191, 1.5076, 6.5459, 63.4530, 199.1240, 112.8004, 1.0000, 1.0000, 1.0000, Select, Normal
23251, 323.1309, balon, Juguetes, Select, 5.4097, 1.5060, 6.5412, 62.1168, 203.7420, 115.7491, 1.0000, 1.0000, 1.0000, Select, Normal
23254, 323.1734, balon, Juguetes, Select, 5.4028, 1.5052, 6.5383, 61.9834, 206.1310, 116.8779, 1.0000, 1.0000, 1.0000, Select, Normal
23257, 323.2154, balon, Juguetes, Select, 5.3977, 1.5059, 6.5360, 62.7747, 207.1905, 116.4971, 1.0000, 1.0000, 1.0000, Select, Normal
23260, 323.2573, balon, Juguetes, Select, 5.3957, 1.5062, 6.5346, 62.9560, 208.0051, 116.1732, 1.0000, 1.0000, 1.0000, Select, Normal
23263, 323.2988, balon, Juguetes, Select, 5.3940, 1.5064, 6.5334, 62.8950, 208.8623, 116.0160, 1.0000, 1.0000, 1.0000, Select, Normal
23266, 323.3416, balon, Juguetes, Select, 5.3934, 1.5065, 6.5330, 62.8381, 209.1623, 115.9946, 1.0000, 1.0000, 1.0000, Select, Normal
23269, 323.3819, balon, Juguetes, Select, 5.3934, 1.5065, 6.5330, 62.8381, 209.1623, 115.9946, 1.0000, 1.0000, 1.0000, Select, Normal
23272, 323.4240, balon, Juguetes, Select, 5.3934, 1.5065, 6.5330, 62.8381, 209.1623, 115.9946, 1.0000, 1.0000, 1.0000, Select, Normal
23275, 323.4702, balon, Juguetes, Select, 5.3934, 1.5065, 6.5330, 62.8381, 209.1623, 115.9946, 1.0000, 1.0000, 1.0000, Select, Normal
23278, 323.5064, balon, Juguetes, Select, 5.3934, 1.5065, 6.5330, 62.8381, 209.1623, 115.9946, 1.0000, 1.0000, 1.0000, Select, Normal
23281, 323.5478, balon, Juguetes, Select, 5.3934, 1.5065, 6.5330, 62.8381, 209.1623, 115.9946, 1.0000, 1.0000, 1.0000, Select, Normal
23284, 323.5896, balon, Juguetes, Select, 5.3934, 1.5065, 6.5330, 62.8381, 209.1623, 115.9946, 1.0000, 1.0000, 1.0000, Select, Normal
23287, 323.6311, balon, Juguetes, Select, 5.3934, 1.5065, 6.5330, 62.8381, 209.1623, 115.9946, 1.0000, 1.0000, 1.0000, Select, Normal
23290, 323.6728, balon, Juguetes, Select, 5.3934, 1.5065, 6.5330, 62.8381, 209.1623, 115.9946, 1.0000, 1.0000, 1.0000, Select, Normal
23293, 323.7149, balon, Juguetes, Select, 5.3934, 1.5065, 6.5330, 62.8381, 209.1623, 115.9946, 1.0000, 1.0000, 1.0000, Select, Normal
23296, 323.7570, balon, Juguetes, Select, 5.3934, 1.5065, 6.5330, 62.8381, 209.1623, 115.9946, 1.0000, 1.0000, 1.0000, Select, Normal
23299, 323.7982, balon, Juguetes, Select, 5.3934, 1.5065, 6.5330, 62.8381, 209.1623, 115.9946, 1.0000, 1.0000, 1.0000, Select, Normal
23302, 323.8396, balon, Juguetes, Select, 5.3934, 1.5065, 6.5330, 62.8381, 209.1623, 115.9946, 1.0000, 1.0000, 1.0000, Select, Normal
23305, 323.8811, balon, Juguetes, Select, 5.3934, 1.5065, 6.5330, 62.8381, 209.1623, 115.9946, 1.0000, 1.0000, 1.0000, Select, Normal
23308, 323.9235, balon, Juguetes, Select, 5.3934, 1.5065, 6.5330, 62.8381, 209.1623, 115.9946, 1.0000, 1.0000, 1.0000, Select, Normal
23311, 323.9652, balon, Juguetes, Select, 5.3934, 1.5065, 6.5330, 62.8381, 209.1623, 115.9946, 1.0000, 1.0000, 1.0000, Select, Normal
23314, 324.0061, balon, Juguetes, Select, 5.3934, 1.5065, 6.5330, 62.8381, 209.1623, 115.9946, 1.0000, 1.0000, 1.0000, Select, Normal
23317, 324.0474, balon, Juguetes, Select, 5.3934, 1.5065, 6.5330, 62.8381, 209.1623, 115.9946, 1.0000, 1.0000, 1.0000, Select, Normal
23320, 324.0886, balon, Juguetes, Select, 5.3934, 1.5065, 6.5330, 62.8381, 209.1623, 115.9946, 1.0000, 1.0000, 1.0000, Select, Normal
23323, 324.1305, balon, Juguetes, Select, 5.3934, 1.5065, 6.5330, 62.8381, 209.1623, 115.9946, 1.0000, 1.0000, 1.0000, Select, Normal
23326, 324.1723, balon, Juguetes, Select, 5.3934, 1.5065, 6.5330, 62.8381, 209.1623, 115.9946, 1.0000, 1.0000, 1.0000, Select, Normal
23329, 324.2144, balon, Juguetes, Select, 5.3934, 1.5065, 6.5330, 62.8381, 209.1623, 115.9946, 1.0000, 1.0000, 1.0000, Select, Normal
23332.0000, 324.2577, balon, Juguetes, Disabled, 5.4069, 1.5105, 6.5407, 0.0000, 0.0000, 0.0000, 1.0000, 1.0000, 1.0000, Disabled, Disabled
23439, 325.7421, balon, Juguetes, Select, 5.5105, 1.5395, 6.5988, 1.1379, 0.7477, 359.2126, 1.0000, 1.0000, 1.0000, Select, Normal
23442, 325.7844, balon, Juguetes, Select, 5.4551, 1.4719, 6.5625, 58.4592, 14.3231, 317.6124, 1.0000, 1.0000, 1.0000, Select, Normal
23445, 325.8255, balon, Juguetes, Select, 5.3736, 1.4693, 6.5652, 65.9560, 285.9363, 186.1352, 1.0000, 1.0000, 1.0000, Select, Normal
23448, 325.8685, balon, Juguetes, Select, 5.3572, 1.4701, 6.5803, 62.4996, 301.7594, 191.6973, 1.0000, 1.0000, 1.0000, Select, Normal
23451, 325.9082, balon, Juguetes, Select, 5.3478, 1.4710, 6.5953, 60.1709, 305.9851, 194.3389, 1.0000, 1.0000, 1.0000, Select, Normal
23454, 325.9501, balon, Juguetes, Select, 5.3483, 1.4733, 6.5956, 61.6140, 302.0750, 194.8123, 1.0000, 1.0000, 1.0000, Select, Normal
23457, 325.9915, balon, Juguetes, Select, 5.3544, 1.4760, 6.5895, 63.9048, 293.0921, 192.3470, 1.0000, 1.0000, 1.0000, Select, Normal
23460, 326.0343, balon, Juguetes, Select, 5.3648, 1.4791, 6.5803, 66.7590, 283.3631, 188.4793, 1.0000, 1.0000, 1.0000, Select, Normal
23463, 326.0770, balon, Juguetes, Select, 5.3665, 1.4809, 6.5769, 67.2859, 281.7608, 188.6904, 1.0000, 1.0000, 1.0000, Select, Normal
23466, 326.1172, balon, Juguetes, Select, 5.3678, 1.4836, 6.5713, 67.9623, 278.0350, 185.7721, 1.0000, 1.0000, 1.0000, Select, Normal
23469, 326.1591, balon, Juguetes, Select, 5.3678, 1.4854, 6.5687, 68.0392, 275.6173, 184.0512, 1.0000, 1.0000, 1.0000, Select, Normal
23472, 326.2006, balon, Juguetes, Select, 5.3635, 1.4887, 6.5609, 67.4368, 270.5250, 178.3607, 1.0000, 1.0000, 1.0000, Select, Normal
23475, 326.2428, balon, Juguetes, Select, 5.3601, 1.4921, 6.5553, 67.9187, 266.9156, 173.8434, 1.0000, 1.0000, 1.0000, Select, Normal
23478, 326.2857, balon, Juguetes, Select, 5.3545, 1.4963, 6.5477, 68.7294, 261.9312, 168.0399, 1.0000, 1.0000, 1.0000, Select, Normal
23481, 326.3278, balon, Juguetes, Select, 5.3478, 1.4984, 6.5385, 68.8423, 257.7481, 163.2259, 1.0000, 1.0000, 1.0000, Select, Normal
23484, 326.3670, balon, Juguetes, Select, 5.3422, 1.4994, 6.5298, 68.6485, 254.7464, 159.7435, 1.0000, 1.0000, 1.0000, Select, Normal
23487, 326.4083, balon, Juguetes, Select, 5.3308, 1.5009, 6.5183, 68.1479, 257.2042, 160.9114, 1.0000, 1.0000, 1.0000, Select, Normal
23490, 326.4503, balon, Juguetes, Select, 5.3173, 1.5003, 6.5049, 67.8575, 260.6470, 162.2324, 1.0000, 1.0000, 1.0000, Select, Normal
23493, 326.4921, balon, Juguetes, Select, 5.3145, 1.4968, 6.5046, 67.7716, 264.6117, 165.8955, 1.0000, 1.0000, 1.0000, Select, Normal
23496, 326.5335, balon, Juguetes, Select, 5.2961, 1.4924, 6.4850, 67.6607, 272.9095, 171.2141, 1.0000, 1.0000, 1.0000, Select, Normal
23499, 326.5754, balon, Juguetes, Select, 5.2836, 1.4867, 6.4730, 67.1490, 281.2584, 176.4060, 1.0000, 1.0000, 1.0000, Select, Normal
23502, 326.6187, balon, Juguetes, Select, 5.2733, 1.4804, 6.4622, 66.6694, 288.8256, 180.0781, 1.0000, 1.0000, 1.0000, Select, Normal
23505, 326.6591, balon, Juguetes, Select, 5.2631, 1.4745, 6.4488, 66.5400, 293.7191, 178.4532, 1.0000, 1.0000, 1.0000, Select, Normal
23508, 326.7006, balon, Juguetes, Select, 5.2537, 1.4700, 6.4361, 66.0504, 294.8998, 175.1564, 1.0000, 1.0000, 1.0000, Select, Normal
23511, 326.7421, balon, Juguetes, Select, 5.2499, 1.4666, 6.4238, 65.3247, 294.6641, 174.0551, 1.0000, 1.0000, 1.0000, Select, Normal
23514, 326.7834, balon, Juguetes, Select, 5.2442, 1.4629, 6.4131, 64.0274, 295.1826, 175.6670, 1.0000, 1.0000, 1.0000, Select, Normal
23517, 326.8253, balon, Juguetes, Select, 5.2389, 1.4575, 6.4011, 63.8208, 295.3520, 177.4697, 1.0000, 1.0000, 1.0000, Select, Normal
23519, 326.8558, balon, Juguetes, Select, 5.2290, 1.4517, 6.3952, 62.3606, 294.7751, 178.8148, 1.0000, 1.0000, 1.0000, Select, Normal
23522, 326.8967, balon, Juguetes, Select, 5.2177, 1.4444, 6.3844, 61.7002, 295.9953, 179.7878, 1.0000, 1.0000, 1.0000, Select, Normal
23525, 326.9375, balon, Juguetes, Select, 5.2073, 1.4401, 6.3725, 60.7912, 297.6847, 180.0754, 1.0000, 1.0000, 1.0000, Select, Normal
23528, 326.9791, balon, Juguetes, Select, 5.1970, 1.4334, 6.3628, 60.5547, 300.8018, 179.5668, 1.0000, 1.0000, 1.0000, Select, Normal
23531, 327.0207, balon, Juguetes, Select, 5.1877, 1.4244, 6.3538, 60.5541, 303.9302, 179.5561, 1.0000, 1.0000, 1.0000, Select, Normal
23534, 327.0616, balon, Juguetes, Select, 5.1791, 1.4090, 6.3445, 61.0179, 307.9730, 180.8030, 1.0000, 1.0000, 1.0000, Select, Normal
23537, 327.1035, balon, Juguetes, Select, 5.1745, 1.3987, 6.3368, 61.2886, 312.7579, 185.8986, 1.0000, 1.0000, 1.0000, Select, Normal
23540, 327.1454, balon, Juguetes, Select, 5.1605, 1.3876, 6.3286, 59.1812, 314.8625, 187.9617, 1.0000, 1.0000, 1.0000, Select, Normal
23543, 327.1871, balon, Juguetes, Select, 5.1489, 1.3730, 6.3152, 58.1840, 317.4683, 189.9309, 1.0000, 1.0000, 1.0000, Select, Normal
23546, 327.2277, balon, Juguetes, Select, 5.1377, 1.3588, 6.3054, 57.1972, 322.1739, 192.7567, 1.0000, 1.0000, 1.0000, Select, Normal
23549, 327.2699, balon, Juguetes, Select, 5.1272, 1.3457, 6.2953, 56.5040, 323.7027, 192.8189, 1.0000, 1.0000, 1.0000, Select, Normal
23552, 327.3113, balon, Juguetes, Select, 5.1160, 1.3339, 6.2860, 55.3124, 324.2658, 191.1225, 1.0000, 1.0000, 1.0000, Select, Normal
23555.0000, 327.3548, balon, Juguetes, Normal, 4.8493, 1.0145, 5.9476, 55.2828, 326.0994, 191.5636, 1.1152, 1.0967, 1.0774, Normal, Normal
28701, 400.0724, cascos, Tecnologia, Select, -1.2722, 1.8486, 0.0484, 85.5990, 332.2375, 54.6825, 0.1694, 0.1694, 0.1694, Select, Normal
28704, 400.1158, cascos, Tecnologia, Select, -1.2740, 1.8514, 0.0531, 87.2407, 342.5232, 65.1286, 0.1694, 0.1694, 0.1694, Select, Normal
28707, 400.1570, cascos, Tecnologia, Select, -1.2798, 1.8559, 0.0525, 88.6713, 347.7979, 69.1137, 0.1694, 0.1694, 0.1694, Select, Normal
28710, 400.1983, cascos, Tecnologia, Select, -1.2802, 1.8536, 0.0511, 88.1324, 349.1853, 70.3677, 0.1694, 0.1694, 0.1694, Select, Normal
28712, 400.2285, cascos, Tecnologia, Select, -1.2760, 1.8491, 0.0526, 86.6200, 359.6434, 82.1728, 0.1694, 0.1694, 0.1694, Select, Disabled
28715, 400.2673, cascos, Tecnologia, Select, -1.2645, 1.8430, 0.0603, 83.1727, 11.6081, 98.1336, 0.1694, 0.1694, 0.1694, Select, Disabled
28718, 400.3088, cascos, Tecnologia, Select, -1.2462, 1.8396, 0.0779, 77.3167, 17.7879, 111.6249, 0.1694, 0.1694, 0.1694, Select, Disabled
28721, 400.3510, cascos, Tecnologia, Select, -1.2277, 1.8387, 0.1020, 70.6005, 17.2695, 119.6978, 0.1694, 0.1694, 0.1694, Select, Disabled
28723, 400.3810, cascos, Tecnologia, Select, -1.2206, 1.8386, 0.1138, 67.7232, 16.0886, 122.3195, 0.1694, 0.1694, 0.1694, Select, Disabled
28726, 400.4200, cascos, Tecnologia, Select, -1.2144, 1.8350, 0.1259, 64.9265, 13.5893, 123.1666, 0.1694, 0.1694, 0.1694, Select, Disabled
28729, 400.4620, cascos, Tecnologia, Select, -1.2122, 1.8313, 0.1325, 63.6201, 11.9093, 122.7951, 0.1694, 0.1694, 0.1694, Select, Disabled
28732, 400.5039, cascos, Tecnologia, Select, -1.2126, 1.8322, 0.1366, 63.9770, 11.8885, 122.8176, 0.1694, 0.1694, 0.1694, Select, Disabled
28735, 400.5452, cascos, Tecnologia, Select, -1.2108, 1.8385, 0.1490, 62.3253, 12.7655, 126.3782, 0.1694, 0.1694, 0.1694, Select, Disabled
28738, 400.5876, cascos, Tecnologia, Select, -1.2055, 1.8483, 0.1733, 58.2879, 11.9617, 132.1830, 0.1694, 0.1694, 0.1694, Select, Disabled
28741, 400.6282, cascos, Tecnologia, Select, -1.2016, 1.8572, 0.1964, 53.6849, 9.5810, 136.7109, 0.1694, 0.1694, 0.1694, Select, Disabled
28744, 400.6700, cascos, Tecnologia, Select, -1.2013, 1.8647, 0.2137, 50.3352, 7.2031, 139.6259, 0.1694, 0.1694, 0.1694, Select, Disabled
28747, 400.7122, cascos, Tecnologia, Select, -1.2037, 1.8709, 0.2264, 48.1038, 5.2719, 141.7706, 0.1694, 0.1694, 0.1694, Select, Normal
28750, 400.7550, cascos, Tecnologia, Select, -1.2075, 1.8736, 0.2385, 46.1417, 2.2446, 142.3124, 0.1694, 0.1694, 0.1694, Select, Normal
28753, 400.7960, cascos, Tecnologia, Select, -1.2149, 1.8786, 0.2477, 45.9852, 0.9582, 142.3087, 0.1694, 0.1694, 0.1694, Select, Normal
28756, 400.8390, cascos, Tecnologia, Select, -1.2245, 1.8876, 0.2575, 47.1587, 1.4245, 142.9253, 0.1694, 0.1694, 0.1694, Select, Disabled
28759, 400.8779, cascos, Tecnologia, Select, -1.2381, 1.9004, 0.2652, 48.9324, 3.1937, 144.0550, 0.1694, 0.1694, 0.1694, Select, Disabled
28762, 400.9202, cascos, Tecnologia, Select, -1.2509, 1.9107, 0.2744, 51.3090, 5.1697, 145.1116, 0.1694, 0.1694, 0.1694, Select, Disabled
28765.0000, 400.9630, cascos, Tecnologia, Hover, -1.2559, 1.9116, 0.2787, 52.0582, 5.3388, 144.8181, 0.1694, 0.1694, 0.1694, Hover, Normal
28918, 403.0878, cascos, Tecnologia, Select, -1.2722, 1.8494, 0.0487, 85.5052, 330.8024, 53.1265, 0.1694, 0.1694, 0.1694, Select, Normal
28921, 403.1283, cascos, Tecnologia, Select, -1.2708, 1.8508, 0.0488, 86.1138, 327.7358, 50.0315, 0.1694, 0.1694, 0.1694, Select, Normal
28924, 403.1701, cascos, Tecnologia, Select, -1.2650, 1.8501, 0.0523, 86.1178, 343.9246, 67.8731, 0.1694, 0.1694, 0.1694, Select, Normal
28927, 403.2120, cascos, Tecnologia, Select, -1.2590, 1.8466, 0.0559, 85.1609, 356.1476, 81.9491, 0.1694, 0.1694, 0.1694, Select, Normal
28930, 403.2545, cascos, Tecnologia, Select, -1.2511, 1.8395, 0.0647, 82.5253, 4.2195, 93.4464, 0.1694, 0.1694, 0.1694, Select, Normal
28933, 403.2957, cascos, Tecnologia, Select, -1.2423, 1.8342, 0.0765, 80.1707, 5.9640, 99.1673, 0.1694, 0.1694, 0.1694, Select, Normal
28936, 403.3384, cascos, Tecnologia, Select, -1.2245, 1.8297, 0.1010, 76.3028, 4.7490, 106.0087, 0.1694, 0.1694, 0.1694, Select, Normal
28939, 403.3789, cascos, Tecnologia, Select, -1.2126, 1.8285, 0.1267, 73.1830, 2.5913, 111.1636, 0.1694, 0.1694, 0.1694, Select, Normal
28942, 403.4216, cascos, Tecnologia, Select, -1.2056, 1.8265, 0.1497, 70.7190, 358.9291, 113.6110, 0.1694, 0.1694, 0.1694, Select, Normal
28945, 403.4637, cascos, Tecnologia, Select, -1.2046, 1.8242, 0.1638, 69.4423, 355.8354, 113.5674, 0.1694, 0.1694, 0.1694, Select, Normal
28948, 403.5046, cascos, Tecnologia, Select, -1.2024, 1.8206, 0.1888, 66.8329, 350.4839, 113.4020, 0.1694, 0.1694, 0.1694, Select, Normal
28951, 403.5452, cascos, Tecnologia, Select, -1.2039, 1.8175, 0.2164, 63.3899, 345.8738, 113.8596, 0.1694, 0.1694, 0.1694, Select, Normal
28954, 403.5863, cascos, Tecnologia, Select, -1.2096, 1.8226, 0.2272, 60.7400, 345.7955, 115.6719, 0.1694, 0.1694, 0.1694, Select, Normal
28957, 403.6286, cascos, Tecnologia, Select, -1.2157, 1.8296, 0.2386, 59.4247, 346.1255, 117.6298, 0.1694, 0.1694, 0.1694, Select, Normal
28960, 403.6697, cascos, Tecnologia, Select, -1.2249, 1.8384, 0.2513, 59.5375, 346.9650, 119.1753, 0.1694, 0.1694, 0.1694, Select, Normal
28963, 403.7120, cascos, Tecnologia, Select, -1.2357, 1.8442, 0.2745, 60.3468, 345.7778, 119.5431, 0.1694, 0.1694, 0.1694, Select, Normal
28966, 403.7545, cascos, Tecnologia, Select, -1.2478, 1.8515, 0.3005, 61.5724, 343.9860, 119.8263, 0.1694, 0.1694, 0.1694, Select, Normal
28969, 403.7968, cascos, Tecnologia, Select, -1.2617, 1.8526, 0.3238, 60.5426, 340.0859, 117.3166, 0.1694, 0.1694, 0.1694, Select, Normal
28972, 403.8378, cascos, Tecnologia, Select, -1.2773, 1.8484, 0.3472, 59.7802, 336.6788, 114.1981, 0.1694, 0.1694, 0.1694, Select, Normal
28975, 403.8806, cascos, Tecnologia, Select, -1.2932, 1.8491, 0.3549, 57.9054, 337.7941, 112.5729, 0.1694, 0.1694, 0.1694, Select, Normal
28978, 403.9217, cascos, Tecnologia, Select, -1.3080, 1.8529, 0.3648, 56.8733, 338.8811, 112.3541, 0.1694, 0.1694, 0.1694, Select, Normal
28981, 403.9634, cascos, Tecnologia, Select, -1.3199, 1.8582, 0.3731, 57.6096, 338.4656, 110.7264, 0.1694, 0.1694, 0.1694, Select, Normal
28984, 404.0044, cascos, Tecnologia, Select, -1.3351, 1.8569, 0.3872, 59.1146, 334.3393, 106.0460, 0.1694, 0.1694, 0.1694, Select, Normal
28987, 404.0468, cascos, Tecnologia, Select, -1.3518, 1.8575, 0.4002, 60.7429, 331.3054, 103.1475, 0.1694, 0.1694, 0.1694, Select, Normal
28990, 404.0881, cascos, Tecnologia, Select, -1.3688, 1.8591, 0.4184, 61.7271, 330.0648, 103.1919, 0.1694, 0.1694, 0.1694, Select, Normal
28993, 404.1282, cascos, Tecnologia, Select, -1.3864, 1.8573, 0.4427, 61.8763, 331.0375, 105.8353, 0.1694, 0.1694, 0.1694, Select, Normal
28996, 404.1702, cascos, Tecnologia, Select, -1.4033, 1.8539, 0.4638, 61.5588, 334.1680, 109.7652, 0.1694, 0.1694, 0.1694, Select, Normal
28999, 404.2123, cascos, Tecnologia, Select, -1.4190, 1.8451, 0.4769, 61.0629, 335.8867, 110.7363, 0.1694, 0.1694, 0.1694, Select, Normal
29002, 404.2550, cascos, Tecnologia, Select, -1.4339, 1.8340, 0.4866, 60.7941, 336.4550, 110.1584, 0.1694, 0.1694, 0.1694, Select, Normal
29005, 404.2970, cascos, Tecnologia, Select, -1.4501, 1.8213, 0.4967, 60.2498, 336.5411, 109.4654, 0.1694, 0.1694, 0.1694, Select, Normal
29008, 404.3383, cascos, Tecnologia, Select, -1.4654, 1.8131, 0.5032, 59.3265, 336.9885, 109.6895, 0.1694, 0.1694, 0.1694, Select, Normal
29011, 404.3799, cascos, Tecnologia, Select, -1.4801, 1.8020, 0.5185, 59.1815, 336.7933, 109.9506, 0.1694, 0.1694, 0.1694, Select, Normal
29014, 404.4222, cascos, Tecnologia, Select, -1.4938, 1.7904, 0.5344, 59.2616, 336.1841, 110.2582, 0.1694, 0.1694, 0.1694, Select, Normal
29017, 404.4626, cascos, Tecnologia, Select, -1.5041, 1.7788, 0.5508, 58.9917, 334.4248, 111.5682, 0.1694, 0.1694, 0.1694, Select, Normal
29020, 404.5050, cascos, Tecnologia, Select, -1.5065, 1.7744, 0.5530, 58.4040, 333.9326, 112.2454, 0.1694, 0.1694, 0.1694, Select, Normal
29023, 404.5459, cascos, Tecnologia, Select, -1.5145, 1.7645, 0.5671, 57.5284, 332.0432, 112.9203, 0.1694, 0.1694, 0.1694, Select, Normal
29026, 404.5870, cascos, Tecnologia, Select, -1.5340, 1.7494, 0.5722, 56.7668, 333.9520, 114.5233, 0.1694, 0.1694, 0.1694, Select, Normal
29029, 404.6272, cascos, Tecnologia, Select, -1.5439, 1.7367, 0.5753, 55.5276, 334.1626, 114.1788, 0.1694, 0.1694, 0.1694, Select, Normal
29031, 404.6573, cascos, Tecnologia, Select, -1.5493, 1.7325, 0.5756, 55.0209, 334.2795, 114.1739, 0.1694, 0.1694, 0.1694, Select, Normal
29034, 404.6982, cascos, Tecnologia, Select, -1.5582, 1.7278, 0.5772, 54.6404, 333.3230, 113.6306, 0.1694, 0.1694, 0.1694, Select, Normal
29037, 404.7401, cascos, Tecnologia, Select, -1.5679, 1.7216, 0.5791, 54.3482, 332.0578, 113.2581, 0.1694, 0.1694, 0.1694, Select, Normal
29040, 404.7823, cascos, Tecnologia, Select, -1.5801, 1.7108, 0.5900, 54.3857, 329.1852, 112.4303, 0.1694, 0.1694, 0.1694, Select, Normal
29043, 404.8241, cascos, Tecnologia, Select, -1.5920, 1.7010, 0.5954, 54.2882, 327.3719, 112.0456, 0.1694, 0.1694, 0.1694, Select, Normal
29046, 404.8645, cascos, Tecnologia, Select, -1.6020, 1.6919, 0.5920, 53.8060, 327.0749, 111.7768, 0.1694, 0.1694, 0.1694, Select, Normal
29049, 404.9063, cascos, Tecnologia, Select, -1.6096, 1.6850, 0.5852, 53.4743, 328.1045, 112.1498, 0.1694, 0.1694, 0.1694, Select, Normal
29052, 404.9476, cascos, Tecnologia, Select, -1.6150, 1.6772, 0.5765, 53.3239, 330.2265, 112.7397, 0.1694, 0.1694, 0.1694, Select, Normal
29055, 404.9896, cascos, Tecnologia, Select, -1.6205, 1.6672, 0.5700, 52.7449, 332.8401, 113.7398, 0.1694, 0.1694, 0.1694, Select, Normal
29058, 405.0315, cascos, Tecnologia, Select, -1.6239, 1.6523, 0.5744, 51.6901, 333.9559, 114.3726, 0.1694, 0.1694, 0.1694, Select, Normal
29061, 405.0726, cascos, Tecnologia, Select, -1.6303, 1.6362, 0.5847, 50.4098, 333.9911, 115.2607, 0.1694, 0.1694, 0.1694, Select, Normal
29064, 405.1151, cascos, Tecnologia, Select, -1.6371, 1.6156, 0.5908, 48.3071, 334.4341, 116.1576, 0.1694, 0.1694, 0.1694, Select, Normal
29067, 405.1570, cascos, Tecnologia, Select, -1.6442, 1.5979, 0.5794, 45.6217, 337.0706, 117.2378, 0.1694, 0.1694, 0.1694, Select, Normal
29070, 405.1981, cascos, Tecnologia, Select, -1.6519, 1.5849, 0.5566, 42.8763, 341.0812, 118.6478, 0.1694, 0.1694, 0.1694, Select, Normal
29073, 405.2401, cascos, Tecnologia, Select, -1.6623, 1.5553, 0.5546, 41.7380, 339.1285, 116.6337, 0.1694, 0.1694, 0.1694, Select, Normal
29076, 405.2823, cascos, Tecnologia, Select, -1.6703, 1.5305, 0.5611, 41.0475, 337.2387, 115.6610, 0.1694, 0.1694, 0.1694, Select, Normal
29079, 405.3232, cascos, Tecnologia, Select, -1.6785, 1.4965, 0.5729, 39.7544, 333.0414, 114.1912, 0.1694, 0.1694, 0.1694, Select, Normal
29082, 405.3653, cascos, Tecnologia, Select, -1.6857, 1.4700, 0.5785, 38.2753, 330.9079, 113.4756, 0.1694, 0.1694, 0.1694, Select, Normal
29085, 405.4074, cascos, Tecnologia, Select, -1.6950, 1.4298, 0.5664, 33.5645, 332.4921, 112.2143, 0.1694, 0.1694, 0.1694, Select, Normal
29088, 405.4476, cascos, Tecnologia, Select, -1.9637, 1.0145, 0.4546, 28.9567, 337.3690, 111.3052, 0.1820, 0.1874, 0.1879, Select, Normal
29090.0000, 405.4785, cascos, Tecnologia, Normal, -1.9637, 1.0145, 0.4546, 28.9567, 337.3690, 111.3052, 0.1820, 0.1874, 0.1879, Normal, Normal
